{
  "cities":[
  {
    "id": 1,
    "city": "ADANA"
  },
  {
    "id": 2,
    "city": "ADIYAMAN"
  },
  {
    "id": 3,
    "city": "AFYONKARAHİSAR"
  },
  {
    "id": 4,
    "city": "AĞRI"
  },
  {
    "id": 5,
    "city": "AMASYA"
  },
  {
    "id": 6,
    "city": "ANKARA"
  },
  {
    "id": 7,
    "city": "ANTALYA"
  },
  {
    "id": 8,
    "city": "ARTVİN"
  },
  {
    "id": 9,
    "city": "AYDIN"
  },
  {
    "id": 10,
    "city": "BALIKESİR"
  },
  {
    "id": 11,
    "city": "BİLECİK"
  },
  {
    "id": 12,
    "city": "BİNGÖL"
  },
  {
    "id": 13,
    "city": "BİTLİS"
  },
  {
    "id": 14,
    "city": "BOLU"
  },
  {
    "id": 15,
    "city": "BURDUR"
  },
  {
    "id": 16,
    "city": "BURSA"
  },
  {
    "id": 17,
    "city": "ÇANAKKALE"
  },
  {
    "id": 18,
    "city": "ÇANKIRI"
  },
  {
    "id": 19,
    "city": "ÇORUM"
  },
  {
    "id": 20,
    "city": "DENİZLİ"
  },
  {
    "id": 21,
    "city": "DİYARBAKIR"
  },
  {
    "id": 22,
    "city": "EDİRNE"
  },
  {
    "id": 23,
    "city": "ELAZIĞ"
  },
  {
    "id": 24,
    "city": "ERZİNCAN"
  },
  {
    "id": 25,
    "city": "ERZURUM"
  },
  {
    "id": 26,
    "city": "ESKİŞEHİR"
  },
  {
    "id": 27,
    "city": "GAZİANTEP"
  },
  {
    "id": 28,
    "city": "GİRESUN"
  },
  {
    "id": 29,
    "city": "GÜMÜŞHANE"
  },
  {
    "id": 30,
    "city": "HAKKARİ"
  },
  {
    "id": 31,
    "city": "HATAY"
  },
  {
    "id": 32,
    "city": "ISPARTA"
  },
  {
    "id": 33,
    "city": "MERSİN"
  },
  {
    "id": 34,
    "city": "İSTANBUL"
  },
  {
    "id": 35,
    "city": "İZMİR"
  },
  {
    "id": 36,
    "city": "KARS"
  },
  {
    "id": 37,
    "city": "KASTAMONU"
  },
  {
    "id": 38,
    "city": "KAYSERİ"
  },
  {
    "id": 39,
    "city": "KIRKLARELİ"
  },
  {
    "id": 40,
    "city": "KIRŞEHİR"
  },
  {
    "id": 41,
    "city": "KOCAELİ"
  },
  {
    "id": 42,
    "city": "KONYA"
  },
  {
    "id": 43,
    "city": "KÜTAHYA"
  },
  {
    "id": 44,
    "city": "MALATYA"
  },
  {
    "id": 45,
    "city": "MANİSA"
  },
  {
    "id": 46,
    "city": "KAHRAMANMARAŞ"
  },
  {
    "id": 47,
    "city": "MARDİN"
  },
  {
    "id": 48,
    "city": "MUĞLA"
  },
  {
    "id": 49,
    "city": "MUŞ"
  },
  {
    "id": 50,
    "city": "NEVŞEHİR"
  },
  {
    "id": 51,
    "city": "NİĞDE"
  },
  {
    "id": 52,
    "city": "ORDU"
  },
  {
    "id": 53,
    "city": "RİZE"
  },
  {
    "id": 54,
    "city": "SAKARYA"
  },
  {
    "id": 55,
    "city": "SAMSUN"
  },
  {
    "id": 56,
    "city": "SİİRT"
  },
  {
    "id": 57,
    "city": "SİNOP"
  },
  {
    "id": 58,
    "city": "SİVAS"
  },
  {
    "id": 59,
    "city": "TEKİRDAĞ"
  },
  {
    "id": 60,
    "city": "TOKAT"
  },
  {
    "id": 61,
    "city": "TRABZON"
  },
  {
    "id": 62,
    "city": "TUNCELİ"
  },
  {
    "id": 63,
    "city": "ŞANLIURFA"
  },
  {
    "id": 64,
    "city": "UŞAK"
  },
  {
    "id": 65,
    "city": "VAN"
  },
  {
    "id": 66,
    "city": "YOZGAT"
  },
  {
    "id": 67,
    "city": "ZONGULDAK"
  },
  {
    "id": 68,
    "city": "AKSARAY"
  },
  {
    "id": 69,
    "city": "BAYBURT"
  },
  {
    "id": 70,
    "city": "KARAMAN"
  },
  {
    "id": 71,
    "city": "KIRIKKALE"
  },
  {
    "id": 72,
    "city": "BATMAN"
  },
  {
    "id": 73,
    "city": "ŞIRNAK"
  },
  {
    "id": 74,
    "city": "BARTIN"
  },
  {
    "id": 75,
    "city": "ARDAHAN"
  },
  {
    "id": 76,
    "city": "IĞDIR"
  },
  {
    "id": 77,
    "city": "YALOVA"
  },
  {
    "id": 78,
    "city": "KARABÜK"
  },
  {
    "id": 79,
    "city": "KİLİS"
  },
  {
    "id": 80,
    "city": "OSMANİYE"
  },
  {
    "id": 81,
    "city": "DÜZCE"
  }
]
}